HIP;RA_J2000;DE_J2000
17876;3.824317;12.908965
24846;5.326367;3.873880
27642;5.851285;18.551303
22610;4.864453;23.354666
18599;3.979617;9.026071
27626;5.849017;20.360349
27735;5.871711;9.197672
28716;6.065329;20.138452
16865;3.617355;15.822426
27389;5.800533;4.986392
14630;3.150052;9.711670
26441;5.626828;23.138858
26492;5.634827;6.534516
26298;5.600720;19.549410
26272;5.594591;21.403257
21533;4.623560;13.920975
27129;5.753200;18.704361
27941;5.912426;13.854738
18988;4.068657;4.094987
17291;3.701794;16.956028
23436;5.037748;24.029163
24625;5.281761;4.663754
17040;3.653017;11.089960
17206;3.686072;4.185805
16618;3.563692;21.019581
26696;5.673579;21.295017
23320;5.015361;6.584649
24386;5.231658;17.453264
15268;3.282575;22.833497
27442;5.810713;23.785472
26211;5.585991;5.462214
28676;6.054908;11.136055
17836;3.816134;14.975641
15227;3.272052;19.337771
19714;4.223447;3.902234
28341;5.989029;11.762603
15650;3.357861;7.624536
27287;5.782421;20.281835
28268;5.972860;12.988532
24473;5.252278;6.441197
23681;5.090111;4.581705
25385;5.431022;21.132512
19355;4.146422;6.781541
15233;3.273736;13.851491
16007;3.435783;14.290266
20062;4.302162;9.728334
26522;5.640636;4.245335
23401;5.029485;18.777421
22351;4.812030;10.395165
23184;4.988791;5.299417
14089;3.027944;16.315441
15081;3.240919;13.073890
24910;5.339140;18.593377
20182;4.326114;14.692331
16569;3.555554;3.440254
24317;5.218027;18.498675
26786;5.689612;17.522180
21866;4.701491;11.856022
27362;5.794949;5.883762
24475;5.252510;15.062559
26484;5.632905;22.465215
26770;5.686581;20.062524
17740;3.799178;18.663354
24855;5.328169;5.645212
25372;5.427658;16.636010
27183;5.761258;18.656892
23247;5.002731;22.592767
26599;5.654119;23.323360
14601;3.141912;10.445897
15841;3.400993;13.054988
27851;5.892687;24.286998
19623;4.204802;9.127452
25409;5.434829;22.825995
23508;5.054751;4.015558
24310;5.216828;8.467598
22211;4.776638;19.494251
27585;5.841578;20.444182
19886;4.265883;12.099401
26991;5.726688;12.995633
17070;3.658517;3.792797
17158;3.674854;5.129949
27034;5.733956;7.428077
28709;6.063399;13.109963
22085;4.751137;9.487955
22672;4.876448;20.104812
23900;5.135173;24.265175
25812;5.512954;13.815187
20513;4.395605;22.964799
25826;5.514380;10.254383
20099;4.308959;4.951935
23592;5.072796;21.643549
27191;5.763675;18.792437
17141;3.670900;8.081384
27374;5.797994;17.796700
28064;5.933483;12.962790
14778;3.180321;10.005896
16534;3.548648;12.974552
18506;3.957073;18.691982
18684;4.001039;21.370305
18409;3.935804;19.228374
22685;4.878335;8.364685
24467;5.251623;4.905215
26166;5.578711;5.660882
27135;5.753813;24.420127
18025;3.852245;20.552931
16593;3.559977;14.678491
21810;4.685026;6.631325
23469;5.045429;5.830488
28497;6.015372;17.890237
16615;3.563595;10.233787
22357;4.812743;19.723962
22665;4.874956;9.864092
21424;4.599849;4.070826
23494;5.050580;9.382420
23353;5.022447;15.744372
27120;5.751004;21.477817
14096;3.030520;8.153739
16305;3.503522;24.486857
22005;4.730327;3.477886
26669;5.667950;11.175594
15283;3.286562;15.406627
24229;5.202168;6.859832
25936;5.535005;21.057310
14496;3.120767;5.019856
14675;3.159967;19.031721
25201;5.391667;16.042474
27587;5.841626;13.383352
17708;3.792851;16.705925
17444;3.737176;9.696823
28425;6.002713;19.990921
28700;6.061118;10.129666
28814;6.082878;4.158671
26411;5.621207;19.010492
21371;4.585785;7.773687
26684;5.670565;21.285993
22161;4.768083;18.800740
26861;5.702937;13.591858
26944;5.717225;22.675675
23996;5.158286;14.355939
26826;5.695595;19.357090
25155;5.383225;11.417507
25809;5.512522;21.515349
25035;5.361087;18.906781
20321;4.353467;4.465394
26618;5.657648;11.502946
25375;5.428347;9.228531
26575;5.649939;4.138660
21575;4.631760;7.317625
25445;5.442270;8.255326
24158;5.188298;22.116879
27841;5.890794;18.169956
28046;5.931102;19.396057
15564;3.342381;16.332988
16416;3.523460;17.811329
18441;3.942204;8.511754
19180;4.111239;13.157218
28041;5.930325;20.175191
28621;6.042590;13.025450
27906;5.905215;24.328670
23587;5.072005;20.039355
25004;5.353715;7.355380
26982;5.725142;18.145370
18792;4.026271;20.606118
18937;4.058877;12.898888
27544;5.832801;14.880153
27480;5.818828;4.212472
25390;5.431635;21.785918
26513;5.637836;4.933959
27150;5.755921;23.393271
28582;6.033330;16.515758
21626;4.643400;8.175172
22112;4.759635;19.328303
25266;5.403557;22.137912
27567;5.838264;16.572273
20336;4.356651;18.266323
21904;4.710400;12.311126
27590;5.842301;18.026361
25467;5.446070;4.056126
25945;5.536875;18.594234
14071;3.021898;4.996266
16701;3.582372;19.810139
18443;3.942570;11.998190
26748;5.683251;16.044397
18953;4.061996;5.716625
19002;4.071866;20.679223
23284;5.009316;22.615741
26064;5.558786;18.540231
22026;4.735192;20.311848
26734;5.680082;17.196026
25337;5.419549;20.583727
27098;5.746054;21.943722
20672;4.428256;9.725040
26151;5.575236;14.003297
28123;5.944047;9.507164
28887;6.099316;7.317540
23669;5.087936;15.239900
25534;5.460273;19.303765
25609;5.471123;12.252126
27979;5.916788;21.405958
28510;6.018297;23.338997
27659;5.856173;8.488499
27826;5.888335;9.558888
28501;6.017027;10.401505
15052;3.233003;17.888694
18385;3.930096;4.859991
27805;5.884033;16.345663
20417;4.372981;20.821416
22827;4.912352;21.099750
26798;5.691381;13.148287
16909;3.626487;6.380324
22568;4.857307;15.881520
28279;5.975277;23.772978
28625;6.043497;22.234142
14438;3.106262;3.810128
18600;3.979653;3.527305
25446;5.442477;17.757600
22443;4.829409;21.949694
24676;5.294170;4.683771
17864;3.823144;15.074952
19078;4.090006;23.168625
28538;6.024726;13.131569
17084;3.660460;12.654721
22212;4.776742;8.317872
14603;3.142487;8.868746
22461;4.834337;8.407845
25831;5.514819;5.692822
21621;4.641960;18.733739
24888;5.334835;21.151590
17537;3.754875;4.437933
23723;5.099961;5.653163
26594;5.653096;4.121467
13627;2.925124;22.934178
24606;5.277800;10.785340
17614;3.773755;17.917693
17817;3.812672;6.300718
23460;5.042411;23.870957
23580;5.069529;9.142149
23939;5.145075;15.103823
20866;4.472274;24.117820
23804;5.115890;11.830410
15711;3.373135;3.447254
27759;5.874880;3.718244
28708;6.063371;18.264789
20526;4.398413;21.719386
23728;5.101459;3.788480
25896;5.528065;9.225990
25687;5.485546;24.215180
28431;6.004168;15.131072
15057;3.233716;24.265279
16662;3.573702;20.374099
15975;3.428292;13.621355
20412;4.372000;22.662404
26692;5.671905;15.350079
28832;6.086048;7.128019
21732;4.666643;7.271251
23770;5.108898;10.643718
19163;4.109473;21.956519
27360;5.794402;4.852590
27972;5.916243;17.401937
18393;3.932395;4.071004
22376;4.817326;15.863200
23404;5.029905;11.375287
18626;3.986873;15.814538
22732;4.890196;7.679338
23003;4.947869;6.030079
25287;5.409652;15.975274
25413;5.435203;22.821765
25886;5.526591;14.928902
15433;3.314712;7.289964
27683;5.860699;21.541140
14310;3.076535;21.723979
24269;5.208329;17.213264
27900;5.903708;10.586403
16934;3.631936;9.932835
23846;5.126638;4.541772
24515;5.258688;5.759729
26647;5.663295;14.799191
25904;5.528869;8.466548
26215;5.587011;10.240093
23153;4.981396;8.974450
23406;5.030206;11.383150
25477;5.448410;3.614673
26421;5.622990;3.539528
26992;5.726819;6.888496
27614;5.846850;14.443362
28373;5.994172;19.913667
16737;3.588437;18.903079
23574;5.068173;17.124875
24841;5.325462;6.375988
27146;5.754759;13.708460
28513;6.018792;23.304858
22872;4.919818;20.313810
23479;5.046491;6.191839
19403;4.156279;18.906740
20774;4.450437;19.843306
21015;4.506361;8.931843
22441;4.828912;15.904221
27965;5.915746;19.749614
21677;4.653762;22.652255
19216;4.119021;21.262891
21633;4.646171;6.820353
26341;5.609297;12.100732
19328;4.142239;8.444857
19977;4.284178;6.347413
26212;5.586888;9.613263
26449;5.627277;23.147453
22356;4.812509;20.359628
26138;5.573495;3.561382
27343;5.791489;22.922483
14861;3.198878;10.964451
19313;4.139794;8.330341
28314;5.982705;14.351954
24446;5.244263;15.208154
26839;5.699215;24.318539
27747;5.873168;19.867849
23191;4.990464;20.194069
25470;5.446750;13.582189
25893;5.527552;18.244110
20391;4.366504;22.256316
25823;5.514284;7.091120
28192;5.957942;3.537876
23426;5.034864;21.320788
25972;5.542431;9.669679
16178;3.473452;5.985873
24584;5.274431;7.293906
25917;5.531278;11.204168
28196;5.958380;6.391184
18564;3.974225;11.905790
23371;5.024933;23.104222
14847;3.195655;23.987068
16841;3.612475;13.291833
20216;4.331906;10.618996
20956;4.493226;3.838550
28540;6.025100;4.912870
28784;6.077333;8.221241
26916;5.713789;19.847495
27388;5.800389;22.510783
17128;3.668665;4.630341
19785;4.240673;23.696422
26294;5.599515;9.531723
20600;4.411934;18.913073
14451;3.109084;24.221403
16778;3.598754;9.565932
13650;2.929219;7.281069
16414;3.522534;17.938176
16845;3.613066;4.474364
27157;5.757073;6.297877
27203;5.766289;23.747423
28750;6.071379;6.491108
27697;5.864470;19.521369
14897;3.204223;14.039531
21768;4.675733;24.442034
16706;3.582929;17.710568
28456;6.007874;10.218042
20209;4.331031;23.757861
24103;5.177763;17.440238
25392;5.431766;15.453864
19985;4.286503;5.024567
23094;4.969842;15.798595
25306;5.413337;24.106346
27338;5.790610;17.729141
19701;4.220309;6.600489
28129;5.945618;16.017186
22549;4.853434;5.605104
28519;6.019593;19.420434
21871;4.702473;8.852953
21875;4.702916;19.805196
25908;5.529511;19.551203
20660;4.426895;5.645343
24132;5.183056;14.921793
25867;5.522320;19.023552
27877;5.899549;21.836298
15939;3.420561;21.214069
25011;5.355363;4.011948
26792;5.690521;9.198347
23974;5.152590;13.965194
16119;3.460948;22.897808
18063;3.860717;10.843438
23151;4.981321;24.495712
24570;5.270878;3.489671
17961;3.839878;19.254348
15299;3.289560;5.752984
27301;5.784277;17.730540
15077;3.239868;9.201682
26677;5.669327;19.680334
16703;3.582623;21.017630
27816;5.885887;4.096687
15542;3.337603;6.221521
24302;5.214801;13.921464
25268;5.404353;20.140013
28167;5.952107;17.010765
24522;5.260958;8.823499
24762;5.308853;4.176038
17379;3.721696;12.793943
17909;3.829850;21.160041
25204;5.391846;18.600691
27856;5.893502;14.432751
14292;3.070890;21.472892
14802;3.185994;6.867073
19542;4.185695;21.885124
20165;4.321883;9.299031
22914;4.931157;13.630912
27009;5.729323;9.914567
28004;5.924065;8.411557
16117;3.460585;16.662985
26627;5.659596;9.848471
16604;3.562250;9.684103
25742;5.496527;12.270631
27934;5.910398;15.507686
14391;3.094339;18.692046
14727;3.170707;21.271941
26356;5.612526;11.835686
16828;3.608399;21.780203
14996;3.221150;6.423987
28848;6.089667;9.279608
13846;2.970937;15.993168
16325;3.507325;10.458766
18803;4.029203;21.659349
19662;4.212983;23.520786
24129;5.182775;21.790921
25851;5.518203;23.217803
27396;5.802208;4.641147
15397;3.308480;5.813875
19499;4.178036;15.237040
21115;4.525291;22.220857
25668;5.482783;20.441822
26255;5.591786;4.841008
27306;5.785327;9.535239
16273;3.496958;13.415006
19702;4.220556;22.958784
22455;4.831924;13.689088
19443;4.163968;10.800453
27115;5.750140;6.350412
15503;3.329511;5.202627
28087;5.937350;3.866916
17645;3.780507;4.880816
18308;3.913806;5.583767
21299;4.570830;3.749670
24875;5.333458;24.423976
16838;3.611940;12.474373
18826;4.034443;6.523850
25151;5.382462;14.361105
21347;4.580603;24.244523
22416;4.824072;10.988396
27961;5.915330;14.219828
23473;5.045709;3.457704
15807;3.394164;4.882105
21976;4.724248;4.963586
25950;5.537262;17.058128
26239;5.590372;10.517631
18197;3.892411;4.050818
20270;4.345108;22.949707
22586;4.860643;4.610351
23082;4.967649;20.313695
14818;3.188517;20.901569
21176;4.539991;10.639924
26028;5.553009;11.202274
27405;5.803327;17.496498
16380;3.517068;7.198308
17883;3.825178;8.467016
24753;5.307741;6.746512
24637;5.286613;8.913200
25938;5.535390;6.047023
28812;6.082829;5.419970
14214;3.054588;10.924298
24612;5.278856;18.439535
26964;5.722084;23.204372
18326;3.918235;18.590490
18683;4.000992;13.190331
26971;5.723310;5.358637
28447;6.006745;16.298958
28667;6.052777;7.627145
18825;4.034297;11.301513
19384;4.152169;10.765159
19529;4.184277;16.646985
14390;3.094022;6.117436
15857;3.404280;11.860996
14735;3.171599;16.813495
18748;4.015783;23.201491
21929;4.715276;4.740727
22691;4.879416;22.661921
23328;5.018339;3.717325
27519;5.827209;21.828995
24163;5.188912;22.362708
25111;5.376246;16.803954
18508;3.957328;24.461937
20244;4.337952;7.853690
20587;4.409159;4.123351
14906;3.206306;10.326395
15872;3.407500;3.864542
26435;5.625835;16.556598
28691;6.057602;19.690561
19558;4.189393;22.061115
15048;3.231913;18.973337
21920;4.713690;6.509785
25493;5.452306;3.855547
25834;5.515577;19.788070
27638;5.850680;20.406217
14481;3.114576;20.861978
15822;3.397849;13.837254
24159;5.188340;7.005193
26207;5.585633;9.934158
28597;6.035948;23.929803
14683;3.161673;17.660911
25640;5.476693;4.949728
28882;6.097938;5.737922
18957;4.062390;5.435624
21517;4.620772;18.543032
27695;5.863501;15.882069
16571;3.555876;15.197997
22385;4.819031;5.218491
23099;4.970135;14.396307
24415;5.238605;22.659907
27565;5.837963;5.928930
28586;6.034638;11.656600
28692;6.057894;18.183275
14437;3.106200;5.278520
16811;3.606456;18.361990
27119;5.750878;13.576360
19672;4.214235;22.413458
23883;5.132066;21.704821
16512;3.543533;17.268970
17380;3.721851;8.508244
18165;3.883785;20.208014
21725;4.664495;17.489265
25207;5.392150;16.040494
25507;5.454390;5.019174
22343;4.810955;3.649283
26044;5.555438;8.538491
27869;5.897475;6.546951
18539;3.965741;9.625312
28274;5.974328;7.860552
18852;4.041791;7.246303
21304;4.572886;8.187201
27619;5.847962;7.481637
28307;5.981885;18.820166
14203;3.052658;20.336215
22324;4.808911;10.966393
24000;5.159851;17.907445
25779;5.504276;22.540258
15608;3.349709;20.647039
14829;3.191559;5.588943
18335;3.920073;11.304498
21840;4.695377;22.731578
22311;4.805369;18.565669
22767;4.897720;22.771023
25909;5.529804;5.081424
15936;3.420291;9.691205
17935;3.835523;9.924544
18296;3.912383;23.201588
22146;4.765625;4.360026
25248;5.399155;17.636190
25689;5.485664;11.870195
27200;5.765719;24.224922
27956;5.915002;22.519945
14961;3.214214;4.819390
20832;4.464341;10.291498
22129;4.762411;10.274298
23103;4.970585;4.133927
23967;5.152066;9.155253
24251;5.205939;18.053694
25513;5.456040;14.028979
22386;4.819192;11.851933
24416;5.238683;11.488182
26176;5.580344;9.489579
15588;3.346246;18.737311
21013;4.506234;23.588858
27465;5.816300;19.076792
27649;5.853280;23.872835
28802;6.080819;16.659814
13539;2.905826;7.680220
14039;3.013641;10.244312
21365;4.583991;17.201232
15938;3.420387;4.873626
17155;3.674456;5.125872
21529;4.622828;5.472290
25145;5.380843;3.552219
26994;5.727068;10.019530
27839;5.890679;6.255684
28225;5.963602;14.684114
23962;5.150670;12.948474
27320;5.787499;22.528986
27550;5.834067;22.555427
20562;4.404566;7.320132
26609;5.656635;11.834921
27390;5.800576;12.418404
18521;3.960573;6.873803
21504;4.618664;9.397968
23960;5.149856;10.415823
25142;5.380556;3.544452
26202;5.584634;15.639034
120002;5.990319;17.816217
16066;3.448970;3.464541
23976;5.153276;18.958569
26967;5.722780;21.415967
14993;3.220810;21.644716
27182;5.761217;14.688920
15558;3.340547;14.174646
16295;3.501487;24.190408
19009;4.072687;24.105993
20734;4.443753;9.394247
19745;4.233074;22.708071
22601;4.862605;6.174241
14682;3.161266;17.260874
16338;3.510169;11.867425
23656;5.084116;22.276035
26187;5.582219;22.568598
27332;5.789631;8.548387
14901;3.204493;17.301087
19359;4.147110;10.463659
21748;4.669338;20.548254
27159;5.757178;24.079253
28659;6.051940;20.586274
15423;3.312832;7.393222
25591;5.469347;3.623160
27474;5.818220;9.893318
28526;6.021482;9.072434
13669;2.933949;12.387127
15906;3.414285;14.014879
15996;3.434253;20.245565
17920;3.831911;19.566350
15513;3.332130;21.516447
21782;4.679485;5.339913
23946;5.146283;21.495650
24207;5.197169;5.408846
27829;5.888617;20.299107
26032;5.553818;7.153453
26912;5.713523;21.389143
21809;4.684944;3.513909
24784;5.313133;17.104870
25154;5.383211;18.898628
27543;5.832751;11.718536
14436;3.105876;10.805657
16505;3.540879;20.175484
19651;4.210596;17.834659
21019;4.507393;20.547820
22185;4.772877;19.205248
25671;5.483240;13.148510
25747;5.497558;18.430744
28142;5.947387;16.355075
18717;4.010247;17.296660
23858;5.127633;12.541195
23898;5.135085;14.532851
13759;2.952127;10.803792
18998;4.070273;15.026862
21350;4.581311;18.413403
23544;5.063104;10.855217
23504;5.053761;17.290172
27078;5.742040;15.063503
28522;6.020774;6.626016
14394;3.094726;23.094043
23150;4.981121;23.836687
23917;5.138987;23.214461
27222;5.769605;22.772652
28353;5.991029;8.415468
18289;3.911588;4.949771
14362;3.088455;3.766726
18566;3.974837;8.368370
19308;4.139067;19.737646
26980;5.724913;16.698344
15651;3.358266;21.438654
16250;3.490358;10.900387
19003;4.071878;12.507445
18890;4.049656;11.366081
21820;4.688821;15.511940
20290;4.348558;15.933871
23666;5.086958;8.942137
27644;5.851970;8.107236
14404;3.096589;14.267614
18542;3.966457;15.628223
18581;3.977041;11.027543
25054;5.364271;4.242971
14842;3.195013;8.118782
15897;3.412850;9.807862
21446;4.605449;11.412500
28843;6.088133;21.387002
22486;4.837588;19.923450
25538;5.460567;4.835237
28789;6.077799;10.509820
14636;3.151956;12.119576
18181;3.889213;23.123611
22556;4.854048;14.356394
15566;3.342819;19.180395
16441;3.528832;18.800125
27036;5.734248;6.515623
27265;5.779305;15.822497
21094;4.520326;23.346064
23784;5.111369;22.510755
24959;5.345419;17.242950
27181;5.760947;20.695037
16132;3.463775;24.182753
19146;4.103292;20.668256
22609;4.864220;8.509244
23673;5.088922;7.562494
27096;5.745710;14.575962
27125;5.752184;12.173358
21554;4.628283;15.346094
21975;4.723596;5.264565
22004;4.730319;15.831329
23163;4.983296;12.960667
25481;5.449779;8.078045
26136;5.573252;5.419755
14484;3.116330;19.628268
16372;3.514844;8.368522
26414;5.622031;8.951875
21399;4.593539;22.020677
27151;5.755936;4.848898
14493;3.119543;19.364032
20531;4.399381;24.303844
27453;5.813143;11.997206
15625;3.353468;13.784013
19853;4.256701;24.078478
27381;5.798984;24.470385
14343;3.082742;12.660000
14977;3.217559;11.268633
16784;3.599997;23.914125
18696;4.005350;23.534284
28495;6.015150;19.814107
14141;3.038904;18.443766
20425;4.375834;5.694206
20897;4.478381;20.677436
21938;4.716249;17.311139
22184;4.772858;6.495543
23167;4.984085;21.736449
24774;5.311490;3.981663
26223;5.587961;8.700740
28762;6.074093;4.785787
16096;3.455854;9.256145
25134;5.379297;19.011564
14433;3.104756;11.665286
18354;3.923904;17.632653
26913;5.713569;17.389445
17904;3.828952;11.446532
20816;4.459988;6.611989
21792;4.681142;7.942254
26573;5.649323;5.463855
14454;3.109257;5.625016
20175;4.325044;19.947814
20547;4.402693;8.554790
13706;2.941562;10.125896
16108;3.458876;5.870437
22346;4.811401;7.839975
24761;5.308786;21.792406
25888;5.526692;17.318590
26887;5.708354;10.538458
28302;5.981455;12.808264
16133;3.464228;20.925160
26163;5.577737;7.563511
21931;4.715355;7.569806
17282;3.700524;18.205709
24032;5.166435;10.892523
25294;5.411347;8.502327
13890;2.981067;22.004550
26377;5.616748;12.474857
15198;3.264808;20.702087
18810;4.030602;7.604889
18341;3.921735;10.771747
18849;4.041275;18.061549
26386;5.617884;11.035005
28200;5.959235;9.581377
15015;3.225999;7.798744
16831;3.608603;16.678285
23599;5.074108;10.186808
20098;4.308790;12.566682
22187;4.772965;23.675114
24121;5.180841;16.428625
18224;3.896524;6.860566
23699;5.093810;23.061050
27773;5.876982;5.164597
16918;3.629106;7.271780
17581;3.765973;6.364146
22831;4.912635;11.928769
23997;5.158746;3.860716
25072;5.368207;3.571631
15098;3.246127;18.028631
24351;5.225528;5.768168
28067;5.933878;11.521849
22857;4.917774;8.969791
16003;3.434685;5.535573
25844;5.517103;12.096764
27504;5.823806;13.921753
27696;5.864071;23.382793
27919;5.907980;8.054342
14550;3.130757;16.073227
15508;3.331112;13.377072
18927;4.057153;13.942681
19997;4.288717;20.512533
18264;3.907527;5.191124
19363;4.148196;23.098583
22222;4.779401;22.343141
26072;5.560788;20.474216
27364;5.795252;13.899599
18645;3.990999;3.783910
21346;4.580470;7.439257
25326;5.416913;9.981052
27482;5.819336;3.651325
28166;5.952052;22.838939
18252;3.903942;9.248208
23616;5.077282;12.698661
18049;3.857501;12.071720
22355;4.812469;22.315132
16205;3.480046;20.624079
17009;3.646963;20.392446
20986;4.500841;8.192268
21572;4.631639;5.770318
23075;4.964853;8.737409
26928;5.715645;5.235790
15115;3.248804;4.300178
16356;3.512427;5.513077
16660;3.572720;8.662433
18001;3.848498;7.163839
20189;4.327291;9.329210
25402;5.434080;15.671781
27597;5.843300;10.542385
18752;4.016626;12.214356
23496;5.050864;14.765698
23561;5.065853;22.533619
16221;3.482920;14.996787
17607;3.772038;20.879788
20111;4.311619;4.750694
24561;5.269619;10.191325
13918;2.988220;10.210301
14201;3.052325;19.801416
14915;3.207324;6.660883
26678;5.669592;5.664975
17300;3.703434;14.792905
20018;4.293941;19.560909
15506;3.329934;19.076250
17435;3.734975;5.055562
19750;4.233608;11.027235
27666;5.857739;18.444223
15157;3.256074;5.840719
15345;3.297894;13.847227
14069;3.021473;14.982244
16120;3.461073;8.765202
16659;3.572280;23.150105
16925;3.630527;4.145467
17353;3.714351;4.122415
17502;3.748009;9.307380
21465;4.609642;19.760034
24247;5.205137;9.124198
27257;5.777891;10.931768
14579;3.136889;13.170113
19548;4.186250;15.626237
21551;4.627470;23.782363
23645;5.081924;23.568494
15808;3.394320;18.555759
20530;4.399031;14.412888
21318;4.576494;21.105712
22829;4.912487;24.096326
27433;5.809216;7.885378
13571;2.913844;20.373067
14274;3.066962;9.665319
15951;3.423161;15.826375
17466;3.742876;17.747344
27664;5.857522;10.252463
20958;4.494150;5.164268
24619;5.280379;20.118297
25577;5.466416;12.911681
16606;3.562446;6.926006
22635;4.869789;4.692510
23178;4.985934;19.745998
24870;5.331679;13.223273
28556;6.027702;16.934136
17312;3.705731;7.552168
17680;3.787798;6.119208
24487;5.254179;23.830504
24994;5.352640;24.221706
14514;3.123798;17.879995
19401;4.156239;17.162141
26214;5.586948;18.571039
15471;3.324637;12.615440
22273;4.795345;15.191165
16822;3.607592;12.007195
20841;4.466411;12.067762
24063;5.170260;22.136667
26777;5.688255;16.534148
24143;5.185013;12.379334
24872;5.332958;16.730837
28090;5.937834;18.074210
16346;3.510722;3.916507
22853;4.916745;14.593773
17234;3.690652;19.388583
18995;4.069724;23.407527
22823;4.911447;12.025773
19189;4.112436;5.686827
23683;5.090655;7.950024
24285;5.211974;21.830059
25777;5.504184;20.551593
19850;4.255216;8.429256
22258;4.791983;10.169381
27729;5.871377;7.329386
15908;3.414354;22.278198
24835;5.323935;20.218386
25041;5.362100;8.428556
25866;5.522241;7.128608
28801;6.080431;16.338549
13547;2.907644;23.847184
18283;3.910176;17.343714
20128;4.315803;7.271016
20680;4.429869;21.138171
26639;5.662272;7.315847
20502;4.393661;8.058209
15395;3.307773;6.227622
17726;3.795669;14.360152
18474;3.948090;15.536999
28384;5.996035;6.769648
15532;3.335208;12.718566
23642;5.081595;17.782754
24170;5.189769;14.698323
25825;5.514361;6.778481
13690;2.938670;9.300987
20389;4.366348;15.784935
20533;4.399934;24.300992
15509;3.331174;20.277166
15838;3.400252;19.907062
21987;4.726370;8.274407
28673;6.054222;12.617690
16796;3.603254;8.886457
19348;4.145024;10.099355
14183;3.048212;17.565564
15129;3.251802;16.255277
20646;4.424407;18.884294
25123;5.377699;9.229292
25657;5.480584;16.426636
15515;3.332227;8.699773
19460;4.167338;10.846234
28374;5.994338;21.604223
15593;3.347083;6.433231
19075;4.088840;22.057633
26132;5.572173;4.825080
28289;5.977786;16.597721
15333;3.295927;3.681439
15777;3.388591;16.565733
28710;6.063724;16.731978
14169;3.045125;7.066737
20558;4.404023;12.157987
26252;5.591447;5.824212
14037;3.012798;12.984818
15630;3.354827;9.659873
23702;5.094783;15.099806
26101;5.566920;14.490061
28509;6.018227;16.991451
20356;4.359491;6.974278
14863;3.198985;16.165988
19223;4.119773;12.268178
21501;4.617787;4.629132
17792;3.808547;9.645948
19470;4.169937;18.474506
20393;4.366605;11.573007
22354;4.812396;3.588526
22642;4.871794;5.676886
23866;5.129501;10.895068
27276;5.780499;9.662954
20458;4.383245;9.249024
21084;4.518899;7.332213
22238;4.784627;9.060674
25525;5.458353;5.595221
13671;2.934491;6.174965
14497;3.121343;15.203088
18089;3.866730;6.534907
22128;4.761797;23.627996
22597;4.862051;9.975078
25583;5.467114;17.239130
28148;5.948374;12.372331
14689;3.162682;20.000992
17121;3.666752;16.360190
22583;4.860096;12.794097
26836;5.698545;23.326228
26898;5.710243;3.681858
28806;6.081747;22.312858
17586;3.766946;18.566705
19221;4.119623;13.812331
25181;5.386686;7.056284
26984;5.725654;8.758423
27667;5.857732;3.774192
14672;3.159618;19.380733
17301;3.703521;10.739793
22384;4.818832;5.208528
25550;5.462192;24.332475
17068;3.658242;14.482431
20898;4.479738;14.819518
24622;5.281145;12.409346
28110;5.941121;9.509396
28294;5.979867;20.206717
14694;3.164090;13.767767
18145;3.879757;13.946817
18784;4.024592;19.596514
19709;4.222932;13.578644
20204;4.329806;13.085841
25539;5.460579;21.936965
13893;2.981815;19.576059
26359;5.613681;15.618403
15738;3.379713;6.799541
20963;4.495238;10.521860
13937;2.992648;3.517576
19417;4.158078;23.294411
21120;4.526608;22.845044
22855;4.917588;21.671659
27610;5.846311;20.671801
15525;3.334030;15.657912
17244;3.693107;9.330375
25323;5.416634;11.127216
27022;5.731355;14.693847
27427;5.807838;4.703943
18110;3.871850;18.917605
18430;3.941138;7.571268
19516;4.180891;3.574320
23606;5.076052;23.649523
28398;5.998221;3.991002
20831;4.464315;10.014326
14835;3.192884;4.723263
23388;5.027493;10.209790
26015;5.551487;23.142298
26438;5.626226;19.779505
28027;5.927439;4.746591
19067;4.086436;13.296744
13632;2.925595;6.307004
17259;3.696962;7.317997
24286;5.211977;13.372636
14172;3.045711;11.012724
23945;5.146155;11.752230
14421;3.103080;4.823632
16268;3.495158;16.762335
17520;3.750770;6.636656
16428;3.525322;22.505805
19657;4.212070;5.030873
20278;4.346413;22.231324
26170;5.579363;6.553787
13557;2.910438;12.939234
13752;2.950426;17.239490
16668;3.575083;22.759424
14360;3.088188;10.308453
25013;5.356004;14.943373
28414;6.001211;4.222720
18754;4.017088;16.521171
19829;4.251752;24.310128
20971;4.496701;17.677596
23301;5.011603;12.603899
27963;5.915684;5.353844
28627;6.043863;4.073413
23161;4.983170;14.543240
13867;2.976665;24.133787
15837;3.399891;10.461674
23356;5.022670;19.930507
14679;3.160557;16.904696
18850;4.041449;3.847229
25499;5.452804;17.962216
25228;5.395515;12.775775
14531;3.127416;22.572332
28202;5.959404;13.707943
20226;4.334458;23.598785
20511;4.395341;11.516928
26590;5.652092;14.556759
25185;5.387512;7.685036
28170;5.952294;19.216721
18228;3.896878;15.184481
25018;5.356593;15.814989
26616;5.657530;21.762929
27315;5.786569;12.339543
16143;3.467055;20.464261
21089;4.519594;18.819889
24273;5.209638;10.408286
24512;5.257682;22.284858
24958;5.345347;15.636919
25410;5.434923;16.700161
25725;5.493441;5.227212
27352;5.792846;3.640052
19974;4.283446;11.189837
25745;5.497160;18.416195
14504;3.122067;8.395608
17557;3.760000;13.247394
19048;4.081306;4.790853
24151;5.186502;23.064055
19526;4.183096;14.277573
21663;4.651106;10.398931
23707;5.096514;17.380861
22756;4.894951;6.016881
17031;3.651199;13.682969
18911;4.052940;8.882645
19519;4.181991;15.946665
22875;4.920600;11.754653
23462;5.043547;13.063925
24217;5.200341;6.838134
18076;3.864151;9.104258
25702;5.488651;18.365703
18559;3.972472;24.081125
22245;4.788312;5.788222
27218;5.769010;18.860580
13586;2.917055;11.491442
13824;2.965228;17.813399
14319;3.078047;9.028367
17752;3.800571;7.129640
17804;3.810804;15.505355
21135;4.530680;5.764446
20876;4.473237;11.665909
24802;5.317403;9.157960
26306;5.602368;12.436407
15854;3.403977;17.549586
22183;4.772523;13.838804
23045;4.956550;11.509809
23963;5.150939;20.515558
14792;3.183638;9.989652
16269;3.495921;5.800381
20631;4.421991;23.788020
24543;5.265529;21.821982
27895;5.902647;10.244421
21240;4.556427;19.813708
21650;4.648909;11.997309
14318;3.077957;15.856023
18227;3.896829;16.088850
19104;4.095036;7.713441
20698;4.433708;4.373451
23109;4.972631;18.993365
21890;4.705642;10.451033
22327;4.809251;12.925419
25629;5.474808;16.253263
18734;4.013139;5.082810
24508;5.257162;15.630119
23410;5.031475;19.966009
25230;5.396035;20.579257
28689;6.057243;3.862454
24921;5.340132;10.890382
24977;5.349060;19.814347
28473;6.011437;14.956938
19466;4.168570;7.697907
24524;5.261830;16.066519
16707;3.582915;19.312783
24812;5.318790;14.492869
20546;4.402602;7.446210
23035;4.953645;10.809869
23134;4.978270;18.639882
26835;5.698226;4.988185
27029;5.733196;6.915197
27486;5.820220;21.136037
16219;3.482528;5.141871
17828;3.815197;22.799207
19459;4.167244;24.092639
17677;3.787091;5.439932
20424;4.375036;3.409683
21462;4.609251;6.158127
26287;5.597625;5.028807
18234;3.899355;4.900212
25498;5.452791;24.212170
16362;3.513060;5.367028
18473;3.947980;20.083617
18983;4.067237;3.840649
20718;4.439936;8.287411
23589;5.072664;21.277931
25761;5.500896;23.758747
26250;5.591062;21.294343
15038;3.230606;22.252510
17762;3.802597;10.172664
18947;4.060815;6.792910
21027;4.508688;8.321781
15805;3.393666;15.667888
19822;4.250290;15.737725
22990;4.946530;16.734294
23159;4.982557;14.549575
24452;5.245840;12.525394
14403;3.096492;18.179791
24632;5.284806;9.927279
28558;6.027727;10.911004
16464;3.534457;7.566324
21656;4.649698;22.325149
23629;5.080302;13.308864
27648;5.853211;8.898564
28216;5.961776;22.532354
15918;3.416486;10.010043
18820;4.033120;18.786953
18823;4.034191;17.297379
20644;4.424176;23.738338
24634;5.284892;16.351588
27302;5.784276;7.584574
15298;3.289556;9.105972
21942;4.716474;14.814572
16802;3.604631;17.812070
17657;3.782104;18.283961
26520;5.639902;18.136213
15555;3.339813;19.872715
25959;5.538351;17.743645
27091;5.744843;12.415317
27962;5.915403;5.860775
28308;5.982040;20.676409
26539;5.644115;20.035054
19970;4.281875;11.483984
26248;5.590869;24.039589
24450;5.245569;5.156151
20715;4.439195;8.590269
24945;5.343865;20.829940
20508;4.394865;13.828679
14329;3.080455;13.797461
25561;5.463278;15.065767
27421;5.806213;20.869481
27496;5.822609;23.624686
18116;3.873080;18.597726
26631;5.660035;6.882484
18461;3.945107;5.836068
21506;4.618949;10.841841
23339;5.020213;7.869258
16598;3.560822;17.329255
17908;3.829773;9.877930
24716;5.301134;13.417736
19032;4.077057;16.627413
22490;4.838139;6.949913
22805;4.905732;17.609144
23674;5.088956;13.001023
26238;5.589984;6.764791
19478;4.172199;8.414771
24989;5.350903;4.478059
27594;5.843062;18.922464
17563;3.761234;6.049991
17697;3.790205;12.508232
19616;4.203533;20.745180
28272;5.973484;23.155888
13641;2.927287;5.496161
28478;6.012137;5.802848
19649;4.210434;12.456208
23270;5.006745;24.162712
13762;2.952664;3.678703
16551;3.552141;19.383256
26313;5.604027;6.646176
28561;6.028229;22.401001
20188;4.327060;10.121437
26644;5.662567;4.434587
25297;5.411523;11.529365
16609;3.562912;8.290570
28359;5.992164;18.852127
16530;3.547521;5.254597
22846;4.915224;16.386499
21910;4.711302;8.643427
24182;5.192539;4.886933
25621;5.473807;22.742547
16109;3.458897;19.187133
25433;5.439602;8.999975
21282;4.566778;7.272302
17038;3.652270;9.143687
20390;4.366510;19.535119
28432;6.004322;8.956178
23333;5.018893;23.439020
25678;5.484111;14.744021
16296;3.501653;11.387526
16808;3.605963;19.559316
24633;5.284844;12.565487
25785;5.505534;4.204795
18902;4.051826;14.483428
13870;2.977416;17.676922
15375;3.304215;12.823838
18058;3.859831;5.938759
22653;4.872938;23.751638
14586;3.139197;18.795053
15810;3.394378;8.838911
16050;3.445306;6.659718
19200;4.115137;8.191810
21467;4.610461;18.754944
28323;5.984117;15.314902
21102;4.521179;7.452627
25077;5.368932;8.005156
17771;3.804519;11.143294
18805;4.029482;9.998017
19085;4.091978;14.286293
20756;4.447537;17.028632
22267;4.794453;13.114660
25555;5.462669;15.874052
27428;5.808014;17.433494
18315;3.916028;12.906111
26240;5.590530;22.438062
15072;3.238099;22.953768
20025;4.295285;13.836592
22096;4.755060;24.410132
21993;4.726841;7.466423
26025;5.552498;5.277053
19281;4.131852;16.530612
22753;4.894247;12.907831
18787;4.025106;19.810888
22239;4.785185;10.051656
22536;4.850175;24.122657
27652;5.854740;23.926308
17318;3.707149;15.815328
22367;4.815626;3.689705
24942;5.343264;15.059314
27495;5.822368;21.039117
14140;3.038810;19.085489
23049;4.960329;17.392173
26867;5.704026;8.373538
13756;2.951271;4.501030
16651;3.570455;3.432278
16979;3.639605;22.499683
21996;4.728067;6.662208
26487;5.633644;7.541420
28260;5.971245;11.106490
15611;3.350232;8.451046
24181;5.192446;12.669961
27345;5.791656;4.100190
22084;4.751103;5.871678
27153;5.756275;12.789326
13538;2.905793;11.309525
27205;5.766890;21.317804
14572;3.135697;22.659595
14590;3.140241;6.723459
16830;3.608566;10.185406
20778;4.450975;4.280958
21109;4.523737;4.575287
24535;5.263942;19.954022
23949;5.147342;19.859860
25510;5.454879;19.995984
14126;3.036304;7.855835
18274;3.909305;13.770891
24548;5.266028;12.044869
19665;4.213297;20.735203
24657;5.290623;11.723382
25726;5.493528;20.050798
19896;4.267742;7.561274
27618;5.847610;14.048058
15546;3.338709;16.423702
19103;4.094884;10.037128
20139;4.317825;24.027949
21761;4.673579;9.504038
17643;3.780486;11.184102
20595;4.411230;12.904039
20808;4.458799;7.369553
21776;4.677591;8.679265
21334;4.578700;15.265110
26767;5.686033;4.239929
22667;4.875545;14.250642
17480;3.745519;13.989451
19299;4.137284;22.021202
24906;5.338415;19.578230
14804;3.186173;7.174020
16627;3.565653;15.625605
18718;4.010288;13.892212
13638;2.926994;13.178411
14176;3.046846;8.471845
22682;4.878081;12.384710
25618;5.472847;18.101673
28647;6.049183;17.665588
17281;3.700458;14.922172
24993;5.351752;12.430888
17617;3.773959;13.509100
17983;3.843780;17.776638
24668;5.292343;22.829213
22266;4.793884;13.115845
24363;5.227192;4.211168
26229;5.588615;19.752907
15137;3.252264;14.896601
18955;4.062270;22.944283
20068;4.303165;9.155522
21973;4.722700;12.445988
22848;4.915660;8.599997
24518;5.259849;8.441299
26886;5.707993;18.987631
16314;3.504258;12.901794
18485;3.951058;23.175550
19538;4.184989;6.718512
22970;4.942656;21.560276
27502;5.823675;18.618109
13966;2.997328;11.977839
14569;3.135113;17.027377
16152;3.469208;17.167525
19367;4.148719;20.385998
15640;3.356043;23.007761
19634;4.206945;23.574572
28190;5.957699;5.001260
13643;2.927852;14.706750
13950;2.994639;9.635438
17066;3.657936;6.736597
20089;4.306844;9.487162
22352;4.812183;21.315768
17899;3.828580;10.559200
24435;5.242313;18.623174
26256;5.591847;7.272542
25139;5.379825;3.824824
16478;3.536651;11.542426
14764;3.177443;11.872627
20011;4.290965;16.590655
23361;5.023709;15.244174
23382;5.026882;12.340892
27746;5.873139;20.696392
18222;3.896025;16.930722
18762;4.018606;20.199158
28337;5.987925;4.465848
20169;4.322761;7.161677
22676;4.876886;17.333476
22967;4.942102;15.813829
16664;3.574062;24.464393
17316;3.706666;21.473491
17240;3.692256;10.081773
19262;4.128611;21.262622
23651;5.082980;15.971177
27106;5.748124;16.086088
17923;3.832793;23.848696
16358;3.512617;6.188703
20361;4.360567;5.389186
21864;4.701297;14.326522
17021;3.649259;4.767373
20941;4.489903;9.535876
15670;3.364822;5.699313
16643;3.569098;21.728971
20343;4.358453;4.156880
27743;5.872859;14.171787
14937;3.210101;3.961061
22984;4.945501;8.822407
24368;5.228702;3.581162
18501;3.956285;3.527889
21899;4.708551;17.877842
26093;5.565079;14.305578
26259;5.592162;7.388493
26518;5.639371;8.487310
27385;5.799850;3.968503
18736;4.013718;10.552747
22485;4.837089;17.701723
25698;5.488164;10.135971
28175;5.952951;10.232914
28273;5.973727;23.967607
21434;4.602594;8.225751
21266;4.562904;10.517700
27513;5.826507;10.724048
27373;5.797679;13.445842
13532;2.904877;20.565819
18721;4.011100;20.303296
18763;4.018844;8.459921
21341;4.579289;22.692312
26201;5.584325;24.290769
19176;4.110778;20.303093
26447;5.627134;15.244623
27560;5.836962;4.423406
28455;6.007859;22.899701
14649;3.155592;20.761123
15612;3.350364;19.476262
18026;3.852501;5.166391
27093;5.745404;3.831411
15380;3.305537;24.081817
20352;4.359133;16.802954
26914;5.713569;4.852398
26282;5.596232;18.762274
21173;4.539325;18.216221
19720;4.226270;10.212458
22740;4.892192;16.821968
25656;5.480481;6.009291
16393;3.518411;15.736097
17591;3.768409;10.548832
25767;5.502433;6.959373
26655;5.665188;13.022735
19280;4.131524;4.297323
28815;6.083056;18.311024
27214;5.767742;21.285359
27573;5.839958;4.956741
18709;4.007567;5.334588
18831;4.036890;4.583888
21401;4.594192;6.178414
18117;3.873545;12.378796
28397;5.998064;9.533690
17696;3.789793;12.449997
26568;5.648813;20.030543
20540;4.401255;12.972411
16201;3.478621;4.357108
20203;4.329710;4.778920
22462;4.834407;12.526236
24666;5.292286;5.482323
25312;5.414075;22.972069
17026;3.650017;20.915765
18477;3.948735;10.314200
20852;4.468149;8.154802
14556;3.132302;7.256172
14843;3.195187;11.141712
14104;3.031195;5.336152
16950;3.634689;20.233853
19170;4.110074;3.780959
17605;3.771145;7.692611
19756;4.235304;8.182831
21639;4.647818;20.780734
26922;5.714281;5.603261
14174;3.046148;3.630705
18263;3.907011;24.360077
22426;4.825813;7.637339
27685;5.860961;23.229993
28171;5.952385;10.229366
13878;2.979340;13.604442
14767;3.177748;21.892646
16497;3.540453;12.363486
23909;5.137208;21.813300
13723;2.946129;21.428081
17317;3.706673;22.421138
21629;4.644142;6.874783
22923;4.932875;5.399024
25086;5.370716;19.834219
14236;3.059256;14.470711
16715;3.584294;11.045840
15978;3.428963;5.935435
20038;4.297576;22.354064
21856;4.699902;21.508951
20804;4.457991;11.212300
25554;5.462538;10.778429
27785;5.879755;21.168933
17505;3.748912;14.640021
17133;3.669433;13.198730
16944;3.634182;18.480995
18405;3.935150;20.771703
22056;4.743384;22.456865
28785;6.077340;21.395384
16568;3.555526;15.536956
21687;4.656307;19.118538
19451;4.165641;15.868113
15954;3.423396;17.743809
20493;4.392324;20.982045
26719;5.678361;6.933133
13544;2.907114;9.777385
14111;3.032313;13.239347
18459;3.944369;21.957635
19772;4.239152;19.579661
21526;4.622109;6.493784
28686;6.056880;11.681065
17065;3.657890;12.815187
20580;4.408193;22.741511
27386;5.800065;6.454156
15766;3.386472;21.568018
26954;5.719797;8.162837
15489;3.327207;12.004040
17907;3.829582;9.407495
25051;5.363597;23.283517
16224;3.483620;11.738502
16985;3.640659;15.149635
24574;5.271539;19.295241
19799;4.243398;10.011406
23310;5.013126;4.567638
14024;3.010107;22.828998
17791;3.808360;24.345524
25070;5.366983;22.168718
18650;3.992540;4.606712
23043;4.956206;17.153677
24850;5.327495;15.785997
28254;5.970311;6.511328
17503;3.748058;19.830622
20859;4.470043;22.332771
23068;4.963513;23.948562
16363;3.513239;5.152625
19831;4.252379;3.957399
21269;4.563382;9.413567
23253;5.003857;20.927765
26795;5.690775;3.778039
24703;5.299181;8.104855
15536;3.335632;14.834281
16342;3.510363;8.574756
22264;4.793617;11.786700
23899;5.135106;3.748583
22623;4.867642;19.230100
24933;5.342232;5.663799
14536;3.127901;7.245869
14567;3.134934;16.925461
14607;3.144109;8.471070
17826;3.814323;11.708798
14266;3.066012;7.281699
25309;5.413513;23.587271
16072;3.449937;23.776650
27751;5.874133;6.209428
21408;4.595156;19.881791
23695;5.092250;19.806723
25068;5.366272;22.953778
28620;6.041895;13.289632
15117;3.248832;12.432396
15627;3.353785;21.147086
15850;3.402814;12.629590
22743;4.892806;23.315663
22935;4.935176;22.576560
17337;3.710348;8.634604
20960;4.494639;12.175768
25502;5.453860;15.257630
27020;5.730859;11.405722
17778;3.806094;10.793061
13892;2.981409;21.617728
15662;3.362054;13.431794
25613;5.472038;21.443623
19484;4.173097;22.833880
18520;3.959924;11.496920
15550;3.339066;19.730357
22852;4.916402;5.381967
27932;5.909952;5.353688
21082;4.518664;15.105037
16613;3.563470;18.227789
18265;3.907564;5.174611
20732;4.443437;14.713782
15687;3.368077;4.210598
28261;5.971407;5.822567
17469;3.743292;11.137678
19361;4.147709;23.871138
20071;4.304039;22.806840
26880;5.706838;20.612613
13786;2.957959;16.293711
18715;4.009055;10.167497
22927;4.934166;11.242869
20515;4.396053;6.378961
21314;4.576201;20.324668
19663;4.213023;11.171307
14062;3.019709;19.402775
18467;3.947211;13.367060
15519;3.333122;17.500966
26951;5.718840;20.072898
15894;3.412399;14.973836
25250;5.399187;19.999250
15109;3.248106;15.527143
19266;4.129305;4.319688
13967;2.997492;7.526684
15823;3.397925;16.721356
18549;3.968479;12.769416
19229;4.121879;13.538310
21706;4.660737;21.517484
17289;3.701312;22.858564
17330;3.709583;4.139647
21676;4.653432;10.924297
19669;4.213626;19.538764
14143;3.039588;4.352884
15113;3.248680;13.142368
18576;3.976448;15.086095
19376;4.150436;13.398281
22918;4.931972;22.271806
24483;5.253390;4.270397
25216;5.393807;16.699298
22722;4.887335;8.556027
28029;5.927511;13.001883
28433;6.004773;12.611399
16671;3.575937;14.175846
18033;3.854408;13.046078
15586;3.346031;23.183969
16174;3.472930;22.059076
17059;3.657261;9.065168
21630;4.644248;17.408091
14036;3.012262;10.870388
22834;4.913273;7.779097
25037;5.361244;12.668312
15597;3.347629;20.509430
21432;4.601283;9.204821
24510;5.257390;7.055512
16695;3.580300;6.417691
18855;4.042356;4.464284
27310;5.785548;15.463474
20731;4.443364;7.085802
23077;4.965489;9.517653
14631;3.150261;12.859670
15064;3.235666;15.590418
16859;3.616118;23.211069
17746;3.800087;16.962506
24456;5.247125;20.880184
22916;4.931653;7.404185
26986;5.725896;4.504831
23457;5.042076;7.424031
25890;5.526818;17.114692
19860;4.258905;8.892357
17995;3.846182;8.447752
18551;3.970282;14.186880
18634;3.988808;13.975045
19636;4.207943;4.819855
23162;4.983301;13.690797
25209;5.392907;5.821793
17149;3.672711;11.731671
20936;4.489076;5.794604
21335;4.578787;11.499368
14384;3.092594;6.195490
18620;3.984288;23.628097
24820;5.320748;20.134596
17413;3.731216;16.022059
15628;3.353899;3.856869
16246;3.489493;15.232547
21542;4.625482;14.302022
23239;5.000436;10.390773
20447;4.380822;9.771325
14352;3.084763;3.997183
16738;3.588687;11.396758
15189;3.262796;21.165141
20014;4.292301;7.947048
20268;4.344790;6.130798
19112;4.098024;10.973254
27989;5.919529;7.407063
22557;4.854115;24.290786
17658;3.782244;9.530385
17779;3.806220;8.580379
25572;5.465391;23.293059
17215;3.687358;10.657284
20830;4.464137;10.020904
23601;5.074583;7.830282
14910;3.206914;16.516735
20952;4.492413;13.894709
22886;4.922802;15.196856
23980;5.154058;11.493216
13954;2.995250;8.907365
20782;4.451659;18.210267
22947;4.937276;21.572348
28728;6.068262;21.494138
28169;5.952209;20.977453
18091;3.866890;19.596858
21251;4.559180;18.016722
22913;4.930598;15.040278
20181;4.326028;21.065143
27316;5.786987;14.488322
15882;3.409578;22.040317
16304;3.503213;14.252724
15100;3.246447;20.341352
15552;3.339236;23.689288
14334;3.080620;8.113607
27211;5.767397;5.100701
14378;3.091744;20.902374
16077;3.450894;18.756554
17043;3.653667;21.843252
27263;5.779040;11.050417
14021;3.008751;18.004974
13787;2.958084;7.778027
13921;2.988998;12.002893
23344;5.021284;4.110284
14477;3.113944;5.650040
16322;3.506797;11.336442
22118;4.760080;21.460523
26451;5.627413;21.142549
22475;4.835966;10.604856
23542;5.062667;6.640319
13533;2.904987;15.495463
15267;3.282498;23.126759
20789;4.454847;22.996337
27004;5.728397;4.004256
19464;4.168051;24.114903
20371;4.362595;13.584932
23588;5.072598;8.205173
26475;5.631476;15.915894
15083;3.242224;12.656933
17000;3.644645;22.659612
28195;5.958187;23.148289
24807;5.318358;10.533499
20740;4.444154;14.220608
20481;4.389621;10.820164
21107;4.523348;7.814910
13526;2.903484;5.048317
17309;3.705263;19.700254
24789;5.314701;13.567175
13682;2.937237;4.048439
16674;3.576373;18.873872
20174;4.324601;11.966178
13611;2.923111;10.457306
21295;4.568963;5.568616
25514;5.456260;17.269591
18490;3.953135;21.323550
17340;3.711432;21.281657
17862;3.822708;24.380956
19821;4.250258;10.748136
19857;4.257520;4.009380
20780;4.451350;18.207537
23303;5.011840;10.913428
13810;2.963257;14.070043
14950;3.211958;3.464827
17426;3.733355;14.620438
21359;4.582948;16.994686
23597;5.074052;12.165033
16116;3.460443;7.750471
17421;3.732422;18.896135
18730;4.012373;15.475283
13654;2.930138;18.331640
16469;3.535062;16.728003
28696;6.058964;8.589571
17058;3.657153;16.536685
14591;3.140321;10.795874
16639;3.568697;24.344449
15365;3.301794;4.969426
21340;4.579251;8.487567
19436;4.162134;24.072946
19549;4.186963;18.379925
19960;4.280191;16.214385
21881;4.704084;22.956926
19054;4.082368;20.856480
19373;4.150013;4.991099
23607;5.076153;15.404105
25965;5.539453;19.122437
16961;3.636371;19.360414
20253;4.340165;12.397030
21954;4.718472;9.620433
23847;5.126832;15.968104
26690;5.671711;15.350331
15993;3.433711;8.269976
18749;4.016221;7.850249
24403;5.234929;21.223689
14971;3.216682;17.132225
14129;3.037107;23.427728
19125;4.100159;4.694114
21980;4.725153;12.334457
22042;4.739663;21.657577
14500;3.121528;16.077517
17610;3.772375;16.374132
20522;4.397729;9.460968
19749;4.233550;5.924567
16541;3.550041;6.643017
24861;5.329681;17.779790
25806;5.512041;22.462255
15054;3.233465;10.453345
19495;4.176581;5.614910
18976;4.066125;21.070912
19664;4.213176;10.607032
25846;5.517564;6.460636
18304;3.913535;17.607577
23279;5.009039;3.614792
15214;3.268790;7.081866
21682;4.654299;7.028990
26617;5.657621;3.950742
18778;4.022600;9.333738
28534;6.022464;18.961277
17692;3.789158;23.803347
16488;3.538703;4.650128
27926;5.909331;22.956176
22291;4.800572;22.169839
18368;3.927156;9.929020
26925;5.714909;18.980361
16122;3.461139;4.989303
19685;4.216875;9.128638
17851;3.819782;24.136712
19615;4.203149;21.535805
16423;3.524540;21.821909
26879;5.706750;18.687347
27076;5.741831;4.339179
22208;4.776044;14.531678
22734;4.891020;9.491189
15443;3.318094;3.608561
23897;5.134936;15.855240
26615;5.657485;3.416444
15341;3.297155;22.832191
17670;3.784327;8.954889
23351;5.022055;14.204345
14606;3.143989;12.378233
17325;3.708297;20.149990
22838;4.913718;22.146487
17847;3.819373;24.053415
17900;3.828758;23.711855
18158;3.882083;14.382625
18346;3.922069;23.360397
17348;3.712754;7.902952
14909;3.206905;15.042630
18059;3.860173;22.031355
18643;3.990526;18.662698
24511;5.257541;13.378355
13923;2.989573;6.652102
16271;3.496428;18.738374
18431;3.941145;23.150273
20810;4.458986;15.365354
26480;5.632108;7.248739
23632;5.080571;18.253932
17354;3.714472;11.960406
24602;5.277049;21.232459
16193;3.476761;11.390529
18244;3.902087;21.135029
21348;4.580603;22.890445
26387;5.617974;20.359449
20822;4.461812;5.615218
27450;5.812426;18.243179
17873;3.824168;11.144368
16255;3.491162;9.690803
14746;3.173766;4.258175
16401;3.520403;19.783518
17531;3.753471;24.467278
15922;3.417943;10.976461
16176;3.472991;16.081299
18146;3.879819;9.978739
18864;4.044032;15.062026
19740;4.232329;9.263824
20151;4.319757;7.688657
17499;3.747927;24.113339
18550;3.968674;5.581287
26705;5.675282;5.008137
18176;3.887194;15.584820
18724;4.011338;12.490347
22012;4.731548;12.685600
13871;2.977501;15.154514
15923;3.418574;7.393446
18502;3.956601;21.553663
27997;5.921060;12.895322
17044;3.653743;24.466521
17668;3.783826;8.664748
24555;5.267815;11.341354
28834;6.086337;15.449105
17185;3.680355;6.104565
17702;3.791410;24.105137
19193;4.113283;4.888301
14298;3.072285;11.136141
17512;3.749703;8.319569
23961;5.150265;6.904556
26183;5.581804;18.122631
16241;3.488774;16.198359
20985;4.500636;10.262214
23451;5.040955;7.461023
24714;5.300970;3.691766
20318;4.352466;10.537737
24615;5.279852;19.302284
23057;4.962067;7.310876
21205;4.548882;12.584591
18297;3.912644;9.177580
26930;5.716132;14.178501
17232;3.690505;14.888624
23579;5.069334;19.094629
26596;5.653165;9.920554
15169;3.258736;4.043939
21604;4.637731;20.684722
24998;5.353324;11.109357
16369;3.514550;12.936678
16572;3.555887;13.782416
17704;3.791515;24.288344
17573;3.763780;24.367749
25652;5.479942;23.957988
17608;3.772104;23.948358
22105;4.757727;19.348866
23085;4.968476;13.034872
26853;5.701107;22.660325
18732;4.012539;5.115339
19736;4.230510;12.753701
26418;5.622676;7.668903
15668;3.364243;11.309447
19847;4.254838;18.625422
21873;4.702707;15.969878
20994;4.502223;20.876599
21549;4.627033;4.982790
16511;3.543319;9.373438
24537;5.264575;3.748821
21155;4.535305;5.625655
17225;3.689713;23.486938
16689;3.578571;6.843291
13530;2.904225;13.331008
13510;2.900032;4.448303
19271;4.130860;5.692708
20597;4.411671;10.046659
13543;2.906975;9.772817
20845;4.467488;10.072161
24693;5.296140;13.639929
19036;4.077664;17.517598
19358;4.147084;17.291657
25033;5.360810;10.327105
27116;5.750358;12.888332
17408;3.729781;19.665032
21751;4.670197;16.398650
22548;4.853292;9.916300
15928;3.419610;12.485374
21194;4.544290;12.216408
26555;5.646616;8.038314
24249;5.205664;11.362924
26126;5.571326;3.766895
19284;4.133171;17.339897
21735;4.667616;12.197609
13940;2.993051;5.685513
14821;3.189422;13.047845
25790;5.507268;15.360449
13687;2.938192;5.998688
17401;3.728204;23.649150
19586;4.197592;24.430797
26157;5.576438;17.140369
16440;3.528454;23.649545
17142;3.671022;7.585276
14716;3.168486;9.816286
21684;4.654872;11.265070
19072;4.087606;23.797222
14929;3.209142;18.943572
16095;3.455188;12.735289
15110;3.248360;21.044441
27347;5.792374;15.714408
25848;5.517885;23.209660
25975;5.543249;15.958177
22306;4.804350;23.763226
17776;3.805782;23.421250
18504;3.957022;12.962699
19187;4.112298;17.663433
22893;4.923966;10.208272
17572;3.763560;23.147149
17595;3.769267;6.803521
18544;3.967137;20.676803
24591;5.275070;14.146877
27377;5.798577;7.960401
18220;3.895928;13.505013
17916;3.831278;4.091464
17489;3.746727;24.289470
17497;3.747566;23.268923
18528;3.962385;5.738782
23227;4.998103;16.829417
15153;3.255201;14.303084
27549;5.834079;9.871218
19420;4.159164;17.499374
17999;3.847896;23.961470
17694;3.789694;22.922122
21332;4.578391;17.748186
21453;4.606880;13.122642
19411;4.157562;6.725050
21246;4.558023;24.279311
22708;4.883108;11.263688
14702;3.165664;6.704822
28663;6.052401;14.365110
17091;3.661438;23.290875
16753;3.592138;22.823588
23621;5.078279;14.859030
20136;4.316997;21.299337
21868;4.701625;23.060170
17511;3.749701;22.032454
17837;3.816723;21.342187
13932;2.991862;6.339655
27266;5.779381;20.173559
23938;5.144234;13.966369
17714;3.793972;14.086887
19617;4.203574;14.932448
24093;5.175841;5.314955
24104;5.177769;15.279484
17481;3.745793;20.748003
15960;3.424158;8.427144
17892;3.827272;22.533483
14554;3.131174;23.687926
25638;5.476326;13.678979
17921;3.831965;22.244151
24197;5.194879;16.045673
25666;5.481720;9.443546
28355;5.991416;22.580769
16155;3.469707;4.152090
20281;4.346966;9.224818
25274;5.405324;22.305634
14439;3.106579;13.187250
16504;3.540875;10.738183
17944;3.837005;16.000352
15737;3.379234;20.742069
24010;5.161654;15.597232
18266;3.907731;21.389759
25286;5.409199;9.170894
24477;5.252927;8.432380
24007;5.159632;24.325306
24030;5.165822;5.557429
24234;5.203220;24.279177
20186;4.326863;21.773491
18449;3.943361;6.710560
23139;4.979140;17.987082
25419;5.437230;16.698295
13579;2.915333;17.734755
19975;4.283673;19.675685
22801;4.904703;23.982916
26161;5.577340;6.126870
27581;5.841363;14.305608
19825;4.250850;7.414266
24533;5.263694;18.638190
17238;3.691569;13.523372
24609;5.278466;17.019998
28537;6.024462;23.140978
15288;3.287563;10.142176
26680;5.669923;10.252689
14751;3.174373;15.990505
21090;4.519703;14.689795
20457;4.383032;9.403180
28139;5.947070;11.521058
19763;4.237490;18.894007
24315;5.217616;24.396917
26625;5.659043;12.003876
25453;5.444119;6.868658
13974;3.000169;7.102449
16813;3.606762;20.067612
27924;5.908963;11.763200
15206;3.267535;11.628448
15870;3.407255;20.803489
19427;4.160582;11.467403
22729;4.889457;24.177362
19718;4.225347;8.890289
20273;4.345557;8.408993
22176;4.771341;18.734693
22458;4.832270;9.489567
15253;3.279355;5.019476
23492;5.050445;12.059408
16374;3.515583;18.799418
13813;2.963479;7.019396
19093;4.093544;19.955018
27280;5.781149;9.522343
22851;4.916312;11.942195
23977;5.153490;11.495265
18595;3.978901;17.119018
18692;4.004626;14.305905
13913;2.986221;19.989837
25483;5.449999;7.170285
16532;3.548234;15.549809
21477;4.611935;3.514205
20705;4.435784;6.054536
16748;3.591141;14.174846
22013;4.731667;22.944410
20785;4.452053;20.990885
16399;3.519284;13.575851
21321;4.576891;6.523676
22063;4.745762;14.626802
14600;3.141081;7.643021
20104;4.309605;5.717944
26159;5.576831;21.622263
16359;3.512622;14.296161
13914;2.986868;21.340429
25694;5.487666;21.315895
18096;3.868058;18.134833
21442;4.604889;21.689208
17552;3.758885;21.246693
19388;4.152769;19.609217
15619;3.351890;3.675620
18887;4.049420;8.140066
23423;5.034012;16.190695
27828;5.888610;22.072150
21863;4.701139;24.010764
23807;5.117064;16.827424
28348;5.990138;17.814760
17878;3.824380;12.912177
25813;5.513070;5.948139
13603;2.921737;8.137661
19696;4.219711;16.766833
21226;4.552743;4.970118
22773;4.898789;15.931696
14715;3.168485;21.747143
19641;4.208710;17.277460
18833;4.037577;22.422309
13757;2.951476;7.653436
25245;5.398301;11.083591
21953;4.718430;20.629998
22347;4.811465;16.634276
24116;5.179870;20.569175
22751;4.894090;23.020273
20319;4.352837;6.103544
24665;5.292160;24.009677
13593;2.918936;3.486877
14054;3.016051;5.287937
22712;4.883624;11.267253
16896;3.622969;18.596885
18806;4.029517;13.837334
24031;5.166176;8.173151
15279;3.285834;6.799888
15633;3.355020;10.629790
17148;3.672656;21.405740
14132;3.037661;18.329183
17763;3.802942;21.329068
20369;4.361813;19.468545
24730;5.303103;9.216458
27511;5.825814;12.651324
22828;4.912437;4.773520
18909;4.052830;18.668745
19575;4.194469;5.323054
15134;3.252127;16.303396
21078;4.517800;6.791328
19449;4.165046;4.323643
22684;4.878335;20.000608
26646;5.663104;10.339170
20171;4.323916;21.142307
15427;3.313965;4.209599
22157;4.767150;11.705591
24298;5.214285;18.154921
26828;5.696320;22.870352
14098;3.030720;16.518033
23810;5.117311;16.820465
24971;5.348118;9.724651
20410;4.370338;4.337138
15961;3.425265;17.142616
19175;4.110386;19.152915
20150;4.319180;13.720609
26936;5.716403;5.498130
24527;5.262030;12.879306
14908;3.206874;22.880583
17332;3.709741;6.986693
21306;4.573879;12.734210
18856;4.042453;6.631134
25073;5.368327;7.089633
15904;3.413989;12.256581
23854;5.127365;23.278609
25814;5.513174;8.398879
20041;4.298208;17.399308
18174;3.886999;7.770497
21882;4.704170;9.633820
27933;5.910181;11.485473
19797;4.243199;22.351182
18618;3.983422;9.781687
19946;4.277962;3.698898
20197;4.329060;14.273670
14640;3.152925;7.460419
13748;2.949635;10.480956
13982;3.001430;10.656014
16991;3.642210;13.605963
23795;5.112720;6.421652
27431;5.808563;7.551313
19818;4.249817;5.177635
14228;3.057824;6.226691
23710;5.097051;13.286057
14261;3.065215;5.242236
17174;3.678055;18.100595
20472;4.388013;11.377922
23486;5.048746;5.188311
18481;3.950477;6.039967
22446;4.830008;23.395758
19961;4.280235;5.618486
22362;4.814200;5.544464
25205;5.391963;5.323086
26231;5.589014;13.284402
21257;4.560580;16.323339
16150;3.469013;17.162702
17453;3.741168;20.928737
25336;5.418851;6.349702
17832;3.815817;23.857135
16158;3.470287;7.302220
28312;5.982526;18.979864
21395;4.592756;12.100483
24124;5.181234;6.274419
16924;3.629953;15.430552
24142;5.184962;17.399233
22833;4.913027;11.426006
22942;4.936400;13.975413
25717;5.490907;13.427551
13855;2.973270;19.229284
23896;5.134718;7.898403
17589;3.767997;21.998472
16479;3.536678;3.876859
24663;5.291987;20.131842
16008;3.435769;12.481788
26729;5.679543;9.265445
28182;5.954535;12.179269
15368;3.302132;8.044260
23701;5.094549;6.465177
24283;5.211669;23.893266
14152;3.040947;22.373501
14676;3.160096;5.202880
18555;3.970962;7.605288
16663;3.574037;6.038027
15661;3.361629;10.829897
14048;3.014851;15.031170
19120;4.098709;15.498995
26129;5.571554;11.988899
18761;4.018552;4.541141
22889;4.922976;5.636393
26027;5.552543;15.943719
21503;4.618570;22.284253
26676;5.669370;12.178103
16136;3.465362;18.882333
16181;3.474046;22.804006
19082;4.090464;19.442162
19217;4.119092;10.799686
16891;3.622412;15.095407
22850;4.916212;19.485388
16083;3.452820;9.732680
17049;3.654737;13.891495
28159;5.950494;15.741365
15362;3.301260;6.484326
22972;4.943263;23.295700
24059;5.169558;13.548369
14135;3.037992;4.089734
22782;4.900847;17.026825
21091;4.519743;11.244391
28671;6.054128;19.360743
17803;3.810796;21.056622
17830;3.815609;16.459486
20601;4.412007;4.699946
18625;3.985951;22.988234
21138;4.531242;15.499484
15565;3.342696;12.346597
24728;5.302943;5.994801
14075;3.022969;6.249124
15249;3.278508;15.657229
22021;4.734367;12.991348
17235;3.691188;12.607919
20769;4.450173;19.117651
20794;4.456169;7.062489
15683;3.367310;17.239970
26328;5.607329;21.993108
16930;3.631241;5.641320
21403;4.594446;19.968821
15900;3.413554;9.028870
19971;4.281944;4.542699
25966;5.539695;14.875156
15412;3.311460;18.472875
16824;3.608002;23.797292
22253;4.790608;23.050919
20482;4.389681;19.658676
24822;5.321278;22.096494
22792;4.903594;23.998804
14992;3.220449;3.821107
19147;4.103625;8.502886
21741;4.668290;23.304547
25435;5.439741;3.856596
18347;3.922546;19.380886
13589;2.918026;21.595149
24289;5.212581;4.321089
18719;4.010983;20.380424
17722;3.795276;10.500686
16739;3.588669;5.725289
17684;3.788095;23.726751
23277;5.008246;5.098969
14997;3.221875;11.553611
25589;5.469234;16.439017
15453;3.321674;11.455934
13801;2.961878;23.962381
27820;5.886833;11.814226
24480;5.253224;20.056090
19757;4.235587;9.406708
28188;5.957175;21.980851
23662;5.085148;6.130226
16723;3.586155;5.714012
17032;3.651238;9.652843
19157;4.106361;14.402211
21672;4.652400;13.002983
23312;5.013579;4.733114
20877;4.473992;16.359672
22509;4.843534;8.900176
23879;5.131359;8.498429
23789;5.111965;14.084778
18700;4.006219;10.787605
19532;4.184604;8.539482
22938;4.935825;7.904696
16760;3.594157;12.039623
22566;4.856449;15.433467
16548;3.551474;4.958113
22565;4.856240;18.839861
18843;4.040634;15.133955
20827;4.463066;14.417748
26604;5.654775;10.259854
18609;3.982077;16.903445
26761;5.684849;24.350258
27641;5.850906;11.498891
13631;2.925640;18.773795
26100;5.566664;15.584546
25034;5.360862;15.847070
20366;4.361575;10.771671
15394;3.307538;15.177348
14721;3.169418;18.345566
21179;4.540459;13.113232
21703;4.660140;13.123099
25586;5.468329;22.930460
24180;5.191947;5.703210
26689;5.671563;16.392820
25677;5.483924;10.249279
21912;4.712184;16.513685
13977;3.000855;9.178807
19038;4.078254;22.081926
15074;3.238277;9.130905
19789;4.241783;22.451865
16538;3.549315;16.598428
20087;4.306445;21.579297
24923;5.340395;11.609818
23155;4.981582;10.554700
22616;4.865884;9.872702
15278;3.285144;24.035150
20873;4.473167;14.740974
21918;4.713565;12.209765
23498;5.052127;13.730669
25082;5.369780;5.395305
23983;5.155456;9.829579
24660;5.291872;14.514041
19257;4.127623;9.494036
26382;5.617704;17.040324
22826;4.912126;12.352201
26651;5.664304;24.225465
27878;5.899652;12.419437
25860;5.520494;15.773451
28428;6.003829;4.835526
24177;5.191594;10.121019
20567;4.406187;17.078951
23750;5.104997;17.816414
17305;3.704422;22.786456
23871;5.130111;20.418379
13600;2.921190;17.891710
14810;3.187286;21.097359
21475;4.611470;11.912362
22654;4.873203;18.996917
24883;5.334335;13.544989
14803;3.186201;9.196367
20397;4.366930;12.509087
20419;4.373803;11.305714
15381;3.305551;18.171623
14974;3.217248;20.729908
21926;4.714519;18.144884
22957;4.939521;13.514466
22350;4.811701;21.100987
22524;4.846818;16.210455
26864;5.703647;7.401999
14175;3.046267;12.354023
20563;4.404706;18.002914
14807;3.186760;22.422992
22203;4.775108;15.472050
14838;3.193824;19.726677
21670;4.651710;7.870976
20357;4.359665;14.409789
21112;4.524819;13.903469
19870;4.261788;20.819794
19934;4.275966;21.907469
21788;4.680297;23.809625
20349;4.358791;21.039877
20086;4.306109;17.421641
23069;4.963751;14.002186
22422;4.825590;15.888748
19263;4.128667;16.518789
15572;3.343612;9.033552
22688;4.879192;14.623128
27118;5.750498;4.008111
13674;2.935377;7.922539
19098;4.094354;17.937707
22265;4.793769;18.258721
20350;4.358964;18.417582
21008;4.504992;19.840576
25195;5.390704;16.981491
20082;4.305354;16.088341
23497;5.051596;21.589962
21961;4.720488;24.088920
16405;3.520951;20.768072
20491;4.391778;24.405402
20890;4.477004;19.740685
20187;4.326909;12.624322
22550;4.853482;11.068026
15304;3.290663;7.655808
14809;3.187178;22.415865
20901;4.480601;13.047602
20614;4.415869;19.042013
17472;3.744322;10.177943
14711;3.167813;12.996819
21683;4.654584;15.917977
27802;5.883271;15.170896
25127;5.378534;13.229082
20916;4.483270;16.159092
20480;4.389536;21.379095
20885;4.476249;15.962181
20577;4.407868;16.886166
22044;4.740508;11.146137
20679;4.429878;18.017272
21654;4.649254;14.105579
20842;4.466884;21.619907
20713;4.439095;15.618265
20616;4.416757;11.977924
26444;5.626968;6.112006
20889;4.476944;19.180432
21261;4.561647;19.014032
20711;4.438462;22.813583
19796;4.242873;10.701388
20485;4.390356;15.763113
20899;4.480082;17.285464
21946;4.717064;18.711645
20255;4.340308;18.742608
20205;4.329890;15.627642
20484;4.390295;16.777260
20826;4.462799;11.736420
20261;4.343420;15.095453
20492;4.392314;14.670478
20146;4.318891;17.524749
25523;5.458341;18.845588
19261;4.128329;15.162788
20635;4.422824;22.293874
20455;4.382248;17.542514
20850;4.467899;13.867942
14705;3.166575;15.373237
21308;4.575055;10.016420
24336;5.223622;3.687102
17962;3.840269;17.246506
22380;4.817645;18.641239
21273;4.564144;14.844424
24021;5.162754;7.181589
20019;4.294150;16.947859
18433;3.941313;22.674394
19148;4.104480;15.698120
20741;4.444478;16.746899
20440;4.378936;15.056091
20661;4.427033;15.941010
21983;4.725484;11.166713
21673;4.652560;15.799846
28614;6.039722;9.647277
17960;3.839713;17.476366
20712;4.438472;21.470434
24558;5.269158;16.942417
20948;4.491764;17.863163
16329;3.508452;20.103263
15310;3.292439;7.690152
28734;6.068671;23.263341
21402;4.594239;10.160790
19793;4.242310;23.574945
26018;5.551926;20.035561
20719;4.440169;16.853322
21589;4.635962;12.510838
20284;4.347978;13.864427
21099;4.521026;20.133164
20762;4.448428;13.138172
20815;4.459969;15.589188
20056;4.300511;18.256805
21036;4.510379;13.724402
20400;4.367644;14.077198
20894;4.477706;15.870883
19781;4.240458;14.625035
21588;4.635957;16.033291
18735;4.013546;18.194000
20693;4.432594;5.150145
20648;4.424829;17.927910
19786;4.240904;12.435324
24681;5.294716;7.353343
16788;3.600883;16.467408
20553;4.403460;14.758207
21137;4.531044;15.851560
20237;4.336935;19.233480
18471;3.947799;22.477971
20219;4.332696;14.035201
20542;4.401600;17.444130
22177;4.771887;3.636336
13679;2.937158;8.381563
19877;4.262857;15.400695
21029;4.509342;16.194014
21039;4.510803;15.691879
20527;4.398448;14.052113
21459;4.608094;23.340855
21637;4.647581;23.149971
20641;4.423615;22.199998
15401;3.309778;10.312375
19808;4.247759;13.054953
18893;4.049864;9.208489
16529;3.547244;23.692185
21267;4.562956;13.251883
20995;4.502388;15.637841
16786;3.600095;8.760196
21066;4.515881;10.751768
22496;4.839981;17.202665
21474;4.611312;15.869329
20751;4.446738;10.871070
13678;2.936663;13.913012
18946;4.060844;19.455010
20686;4.431035;18.864063
21380;4.588119;23.045169
23214;4.995645;15.916734
21152;4.534669;5.410035
21317;4.576475;15.504620
19504;4.178435;18.423253
21923;4.714363;18.720433
20935;4.489043;17.544935
20215;4.331905;16.522588
26664;5.667147;6.060579
23287;5.009426;3.615749
24292;5.213321;16.307066
21123;4.526973;17.709777
14211;3.053805;22.369838
22067;4.746714;5.289432
20130;4.316104;19.906701
21543;4.625550;15.146454
15724;3.375715;17.725354
16641;3.568994;17.832828
19207;4.117007;15.335032
28122;5.943642;10.551743
22505;4.842727;15.083454
21762;4.673742;16.513660
19481;4.172700;12.077616
22607;4.863886;13.655155
21723;4.664159;12.728474
17766;3.803295;7.146240
21280;4.566261;15.163621
21186;4.541790;4.139537
20834;4.464704;24.444788
22224;4.780404;17.748324
18170;3.886124;17.327083
18327;3.918473;16.998476
20951;4.492113;17.893182
21053;4.512999;16.148696
16144;3.467312;22.023077
23396;5.028951;20.829845
20605;4.413349;15.874718
14614;3.145640;15.334827
20557;4.404049;21.736244
15062;3.234664;18.303813
15374;3.304194;9.245150
28813;6.082843;14.388435
18253;3.904445;8.558670
15875;3.407948;6.985016
20978;4.499369;16.672840
18018;3.850865;23.903655
15020;3.226809;7.708675
19316;4.140740;12.191840
21256;4.560328;21.150854
28135;5.946753;10.479253
16908;3.626382;21.343174
18907;4.052606;5.989305
18658;3.994582;10.330402
20084;4.305758;20.360547
21158;4.535530;21.632358
28736;6.066376;23.007963
13750;2.950176;10.162040
19554;4.188967;5.523047
23443;5.038974;13.910240
22221;4.779327;9.017420
18322;3.917066;12.485588
19912;4.271826;8.719430
26807;5.692887;15.213699
17928;3.834295;22.591635
20441;4.379106;16.791040
19719;4.225862;7.716045
22845;4.914924;10.150833
17076;3.659333;18.384913
19591;4.198951;23.636326
18531;3.963138;22.924395
22919;4.932189;4.670427
18975;4.065723;8.197269
19767;4.238415;12.348101
25873;5.523207;12.556091
22906;4.928241;20.002151
26366;5.615108;9.290673
13702;2.940599;18.023119
20745;4.445229;12.686578
21132;4.529901;14.154105
17794;3.809149;15.201997
23286;5.009388;14.383810
20012;4.291100;23.468456
19911;4.271248;7.159467
19117;4.098447;11.966169
14230;3.057960;23.061480
21436;4.603877;21.536545
16560;3.553686;7.452864
19441;4.163708;9.305498
19472;4.170571;17.368432
26381;5.617357;20.730788
19981;4.285243;22.673317
17936;3.835802;6.620688
14023;3.010027;5.986063
19862;4.259356;15.706260
19325;4.141915;12.337902
23418;5.032999;9.983116
13834;2.968117;20.668733
24301;5.214843;19.722168
28494;6.014992;21.020992
14258;3.064115;6.133298
19834;4.252892;14.398470
22349;4.811705;18.709430
24069;5.171682;9.502056
15563;3.341443;8.454444
25662;5.481008;12.550823
24205;5.196236;4.403539
19990;4.287684;20.578591
23431;5.036064;14.081564
21710;4.661836;9.872073
23852;5.127309;9.471780
28066;5.934287;13.924912
14729;3.170877;12.050509
22715;4.884648;22.235170
18097;3.868222;22.671628
21272;4.563999;5.385019
13601;2.921502;16.309189
17336;3.710246;17.293495
17207;3.686256;3.611378
16445;3.529761;14.321593
23786;5.111727;14.446235
13976;3.000781;7.749752
27111;5.749108;9.242081
15099;3.246452;8.980792
17496;3.747535;11.920000
26844;5.699685;15.337223
19859;4.258000;6.186858
19855;4.257163;6.199651
18267;3.907787;16.616054
21421;4.598677;16.509301
15844;3.401800;23.785027
25716;5.490838;15.577293
14731;3.170964;5.908771
17414;3.731267;16.672020
19076;4.088961;22.008905
17405;3.729236;16.667261
23835;5.124168;18.645052
25278;5.407073;17.383534
25220;5.393995;17.324119
21818;4.688571;20.901512
25953;5.537405;9.820807
24284;5.211729;19.665650
22627;4.868258;6.476539
21000;4.503495;5.298818
20917;4.483368;21.922702
26335;5.608609;11.327866
21932;4.715494;18.958171
25578;5.466709;9.643928
27913;5.906384;20.276175
22449;4.830670;6.961276
26857;5.702574;12.489337
